Pipe Number,Date,Time,R1,R2,R3,R4,R5
P1,2026-05-13,10:47:26,35.67,41.46,40.88,44.25,36.3
P2,2026-05-13,10:47:26,42.54,36.39,40.11,39.73,41.83
P3,2026-05-13,10:47:26,44.89,37.15,43.74,37.13,41.2
P1,2026-05-13,10:47:59,35.24,38.91,39.83,38.72,39.15
P2,2026-05-13,10:47:59,42.65,36.67,39.24,43.41,38.07
P3,2026-05-13,10:47:59,36.3,36.82,35.64,40.06,44.93
P1,2026-05-13,10:48:31,43.15,39.73,42.47,39.72,35.96
P2,2026-05-13,10:48:31,36.8,43.17,38.71,38.52,38.56
P3,2026-05-13,10:48:31,43.9,43.46,38.75,37.23,42.83
